consumption_id,order_no,material_cd,planned_qty,actual_qty,unit,consumption_date
1,PO-2024-001,DIE-006,1750.0,1804.2069,EA,2024-02-09
2,PO-2024-001,SUBSTRATE-006,1750.0,1781.5573,EA,2024-02-09
3,PO-2024-001,GOLDWIRE-18UM,37800.0,38745.5994,MG,2024-02-09
4,PO-2024-001,EPOXY-004,2870.0,2983.9591,G,2024-02-09
5,PO-2024-001,ADHESIVE,175.0,185.8306,G,2024-02-09
6,PO-2024-002,DIE-004,2500.0,2672.5616,EA,2024-03-12
7,PO-2024-002,SUBSTRATE-004,2500.0,2681.9689,EA,2024-03-12
8,PO-2024-002,GOLDWIRE-30UM,30000.0,31017.3702,MG,2024-03-12
9,PO-2024-002,EPOXY-005,3525.0,3677.4086,G,2024-03-12
10,PO-2024-002,ADHESIVE,250.0,265.0454,G,2024-03-12
11,PO-2024-003,DIE-015,650.0,700.0629,EA,2024-01-05
12,PO-2024-003,SUBSTRATE-005,650.0,685.6039,EA,2024-01-05
13,PO-2024-003,GOLDWIRE-35UM,3120.0,3356.2016,MG,2024-01-05
14,PO-2024-003,EPOXY-003,637.0,663.8459,G,2024-01-05
15,PO-2024-003,ADHESIVE,65.0,70.0578,G,2024-01-05
16,PO-2024-004,DIE-012,650.0,630.3797,EA,2024-02-01
17,PO-2024-004,SUBSTRATE-002,650.0,645.5476,EA,2024-02-01
18,PO-2024-004,GOLDWIRE-30UM,1560.0,1571.3607,MG,2024-02-01
19,PO-2024-004,EPOXY-002,572.0,556.2432,G,2024-02-01
20,PO-2024-004,ADHESIVE,65.0,64.9596,G,2024-02-01
21,PO-2024-005,DIE-001,2600.0,2664.8921,EA,2024-01-14
22,PO-2024-005,SUBSTRATE-001,2600.0,2726.8168,EA,2024-01-14
23,PO-2024-005,GOLDWIRE-35UM,12480.0,13182.9146,MG,2024-01-14
24,PO-2024-005,EPOXY-002,3328.0,3513.5174,G,2024-01-14
25,PO-2024-005,ADHESIVE,260.0,270.7669,G,2024-01-14
26,PO-2024-006,DIE-017,1300.0,1291.9186,EA,2024-01-18
27,PO-2024-006,SUBSTRATE-007,1300.0,1331.1101,EA,2024-01-18
28,PO-2024-006,GOLDWIRE-35UM,10920.0,11267.5489,MG,2024-01-18
29,PO-2024-006,EPOXY-003,1118.0,1112.9617,G,2024-01-18
30,PO-2024-006,ADHESIVE,130.0,134.0261,G,2024-01-18
31,PO-2024-007,DIE-015,1750.0,1791.536,EA,2024-02-04
32,PO-2024-007,SUBSTRATE-005,1750.0,1836.6481,EA,2024-02-04
33,PO-2024-007,GOLDWIRE-35UM,8400.0,8853.1922,MG,2024-02-04
34,PO-2024-007,EPOXY-003,1715.0,1801.3763,G,2024-02-04
35,PO-2024-007,ADHESIVE,175.0,183.024,G,2024-02-04
36,PO-2024-008,DIE-009,1000.0,1062.899,EA,2024-03-13
37,PO-2024-008,SUBSTRATE-009,1000.0,1035.9914,EA,2024-03-13
38,PO-2024-008,GOLDWIRE-18UM,72600.0,73825.334,MG,2024-03-13
39,PO-2024-008,EPOXY-005,1900.0,1934.8082,G,2024-03-13
40,PO-2024-008,ADHESIVE,100.0,103.9855,G,2024-03-13
41,PO-2024-009,DIE-018,1500.0,1525.6495,EA,2024-03-25
42,PO-2024-009,SUBSTRATE-008,1500.0,1522.5156,EA,2024-03-25
43,PO-2024-009,GOLDWIRE-20UM,4500.0,4650.2031,MG,2024-03-25
44,PO-2024-009,EPOXY-001,870.0,891.411,G,2024-03-25
45,PO-2024-009,ADHESIVE,150.0,150.8813,G,2024-03-25
46,PO-2024-010,DIE-014,700.0,698.8975,EA,2024-02-04
47,PO-2024-010,SUBSTRATE-004,700.0,689.3035,EA,2024-02-04
48,PO-2024-010,GOLDWIRE-18UM,2940.0,2848.4038,MG,2024-02-04
49,PO-2024-010,EPOXY-005,700.0,675.0322,G,2024-02-04
50,PO-2024-010,ADHESIVE,70.0,70.3376,G,2024-02-04
51,PO-2024-011,DIE-017,3250.0,3190.6099,EA,2024-02-02
52,PO-2024-011,SUBSTRATE-007,3250.0,3223.9551,EA,2024-02-02
53,PO-2024-011,GOLDWIRE-35UM,27300.0,27569.5972,MG,2024-02-02
54,PO-2024-011,EPOXY-003,2795.0,2792.4643,G,2024-02-02
55,PO-2024-011,ADHESIVE,325.0,326.613,G,2024-02-02
56,PO-2024-012,DIE-019,1300.0,1260.9991,EA,2024-01-10
57,PO-2024-012,SUBSTRATE-009,1300.0,1273.065,EA,2024-01-10
58,PO-2024-012,GOLDWIRE-30UM,5460.0,5292.5432,MG,2024-01-10
59,PO-2024-012,EPOXY-004,520.0,509.0195,G,2024-01-10
60,PO-2024-012,ADHESIVE,130.0,126.2407,G,2024-01-10
61,PO-2024-013,DIE-015,3250.0,3154.5892,EA,2024-01-11
62,PO-2024-013,SUBSTRATE-005,3250.0,3158.6812,EA,2024-01-11
63,PO-2024-013,GOLDWIRE-35UM,15600.0,15453.4441,MG,2024-01-11
64,PO-2024-013,EPOXY-003,3185.0,3208.5233,G,2024-01-11
65,PO-2024-013,ADHESIVE,325.0,321.1715,G,2024-01-11
66,PO-2024-014,DIE-001,1000.0,1031.0276,EA,2024-03-13
67,PO-2024-014,SUBSTRATE-001,1000.0,1010.9073,EA,2024-03-13
68,PO-2024-014,GOLDWIRE-35UM,7800.0,7909.3233,MG,2024-03-13
69,PO-2024-014,EPOXY-001,920.0,942.2799,G,2024-03-13
70,PO-2024-014,ADHESIVE,100.0,103.341,G,2024-03-13
71,PO-2024-015,DIE-018,1000.0,1021.3352,EA,2024-03-02
72,PO-2024-015,SUBSTRATE-008,1000.0,1036.0118,EA,2024-03-02
73,PO-2024-015,GOLDWIRE-20UM,3000.0,3152.0616,MG,2024-03-02
74,PO-2024-015,EPOXY-001,580.0,599.8788,G,2024-03-02
75,PO-2024-015,ADHESIVE,100.0,100.7448,G,2024-03-02
76,PO-2024-016,DIE-015,650.0,663.7036,EA,2024-01-15
77,PO-2024-016,SUBSTRATE-005,650.0,668.1455,EA,2024-01-15
78,PO-2024-016,GOLDWIRE-35UM,3120.0,3175.9203,MG,2024-01-15
79,PO-2024-016,EPOXY-003,637.0,665.0387,G,2024-01-15
80,PO-2024-016,ADHESIVE,65.0,66.6719,G,2024-01-15
81,PO-2024-017,DIE-005,350.0,359.1486,EA,2024-03-01
82,PO-2024-017,SUBSTRATE-005,350.0,354.6439,EA,2024-03-01
83,PO-2024-017,GOLDWIRE-20UM,5250.0,5530.0147,MG,2024-03-01
84,PO-2024-017,EPOXY-002,441.0,452.4438,G,2024-03-01
85,PO-2024-017,ADHESIVE,35.0,35.4817,G,2024-03-01
86,PO-2024-018,DIE-003,2600.0,2675.5539,EA,2024-01-09
87,PO-2024-018,SUBSTRATE-003,2600.0,2651.8702,EA,2024-01-09
88,PO-2024-018,GOLDWIRE-20UM,24960.0,25340.3713,MG,2024-01-09
89,PO-2024-018,EPOXY-004,2574.0,2691.4361,G,2024-01-09
90,PO-2024-018,ADHESIVE,260.0,265.3307,G,2024-01-09
91,PO-2024-019,DIE-018,700.0,699.0407,EA,2024-02-03
92,PO-2024-019,SUBSTRATE-008,700.0,707.6393,EA,2024-02-03
93,PO-2024-019,GOLDWIRE-20UM,2100.0,2090.5841,MG,2024-02-03
94,PO-2024-019,EPOXY-001,406.0,392.224,G,2024-02-03
95,PO-2024-019,ADHESIVE,70.0,69.8864,G,2024-02-03
96,PO-2024-020,DIE-011,1950.0,1930.7566,EA,2024-01-25
97,PO-2024-020,SUBSTRATE-001,1950.0,1967.5193,EA,2024-01-25
98,PO-2024-020,GOLDWIRE-25UM,4095.0,4173.8626,MG,2024-01-25
99,PO-2024-020,EPOXY-001,1794.0,1810.896,G,2024-01-25
100,PO-2024-020,ADHESIVE,195.0,201.3422,G,2024-01-25
101,PO-2024-021,DIE-009,1750.0,1733.4181,EA,2024-02-29
102,PO-2024-021,SUBSTRATE-009,1750.0,1678.7233,EA,2024-02-29
103,PO-2024-021,GOLDWIRE-18UM,127050.0,122353.7995,MG,2024-02-29
104,PO-2024-021,EPOXY-005,3325.0,3190.7407,G,2024-02-29
105,PO-2024-021,ADHESIVE,175.0,172.0712,G,2024-02-29
106,PO-2024-022,DIE-009,650.0,667.2086,EA,2024-01-03
107,PO-2024-022,SUBSTRATE-009,650.0,663.8889,EA,2024-01-03
108,PO-2024-022,GOLDWIRE-18UM,47190.0,48225.1192,MG,2024-01-03
109,PO-2024-022,EPOXY-005,1235.0,1280.5772,G,2024-01-03
110,PO-2024-022,ADHESIVE,65.0,70.0685,G,2024-01-03
111,PO-2024-023,DIE-007,1400.0,1419.6472,EA,2024-02-23
112,PO-2024-023,SUBSTRATE-007,1400.0,1429.3559,EA,2024-02-23
113,PO-2024-023,GOLDWIRE-30UM,53760.0,52777.9816,MG,2024-02-23
114,PO-2024-023,EPOXY-002,3136.0,3061.6234,G,2024-02-23
115,PO-2024-023,ADHESIVE,140.0,138.9781,G,2024-02-23
116,PO-2024-024,DIE-017,2600.0,2509.2912,EA,2024-01-24
117,PO-2024-024,SUBSTRATE-007,2600.0,2488.4864,EA,2024-01-24
118,PO-2024-024,GOLDWIRE-35UM,21840.0,21694.4597,MG,2024-01-24
119,PO-2024-024,EPOXY-003,2236.0,2128.6601,G,2024-01-24
120,PO-2024-024,ADHESIVE,260.0,256.703,G,2024-01-24
121,PO-2024-025,DIE-013,1400.0,1408.6108,EA,2024-02-09
122,PO-2024-025,SUBSTRATE-003,1400.0,1404.3935,EA,2024-02-09
123,PO-2024-025,GOLDWIRE-18UM,4200.0,4323.8577,MG,2024-02-09
124,PO-2024-025,EPOXY-005,616.0,637.4121,G,2024-02-09
125,PO-2024-025,ADHESIVE,140.0,145.8132,G,2024-02-09
126,PO-2024-026,DIE-011,2000.0,1925.8968,EA,2024-03-26
127,PO-2024-026,SUBSTRATE-001,2000.0,2003.721,EA,2024-03-26
128,PO-2024-026,GOLDWIRE-25UM,4200.0,4242.0122,MG,2024-03-26
129,PO-2024-026,EPOXY-001,1840.0,1764.5996,G,2024-03-26
130,PO-2024-026,ADHESIVE,200.0,193.7281,G,2024-03-26
131,PO-2024-027,DIE-020,2500.0,2443.4845,EA,2024-03-16
132,PO-2024-027,SUBSTRATE-010,2500.0,2422.753,EA,2024-03-16
133,PO-2024-027,GOLDWIRE-20UM,16500.0,16163.6913,MG,2024-03-16
134,PO-2024-027,EPOXY-005,2150.0,2108.9788,G,2024-03-16
135,PO-2024-027,ADHESIVE,250.0,247.5279,G,2024-03-16
136,PO-2024-028,DIE-016,2000.0,2001.5305,EA,2024-03-16
137,PO-2024-028,SUBSTRATE-006,2000.0,2065.4127,EA,2024-03-16
138,PO-2024-028,GOLDWIRE-25UM,14400.0,14338.7124,MG,2024-03-16
139,PO-2024-028,EPOXY-001,1620.0,1641.6335,G,2024-03-16
140,PO-2024-028,ADHESIVE,200.0,200.7391,G,2024-03-16
141,PO-2024-029,DIE-016,3250.0,3192.5924,EA,2024-01-11
142,PO-2024-029,SUBSTRATE-006,3250.0,3095.6051,EA,2024-01-11
143,PO-2024-029,GOLDWIRE-25UM,23400.0,23524.3797,MG,2024-01-11
144,PO-2024-029,EPOXY-001,2632.5,2513.4671,G,2024-01-11
145,PO-2024-029,ADHESIVE,325.0,322.9622,G,2024-01-11
146,PO-2024-030,DIE-016,1300.0,1304.7525,EA,2024-01-12
147,PO-2024-030,SUBSTRATE-006,1300.0,1276.713,EA,2024-01-12
148,PO-2024-030,GOLDWIRE-25UM,9360.0,9089.6995,MG,2024-01-12
149,PO-2024-030,EPOXY-001,1053.0,1032.5779,G,2024-01-12
150,PO-2024-030,ADHESIVE,130.0,129.904,G,2024-01-12
151,PO-2024-031,DIE-014,1750.0,1751.6425,EA,2024-02-03
152,PO-2024-031,SUBSTRATE-004,1750.0,1778.683,EA,2024-02-03
153,PO-2024-031,GOLDWIRE-18UM,7350.0,7597.0499,MG,2024-02-03
154,PO-2024-031,EPOXY-005,1750.0,1785.2713,G,2024-02-03
155,PO-2024-031,ADHESIVE,175.0,173.8348,G,2024-02-03
156,PO-2024-032,DIE-020,2500.0,2530.4148,EA,2024-03-27
157,PO-2024-032,SUBSTRATE-010,2500.0,2529.5864,EA,2024-03-27
158,PO-2024-032,GOLDWIRE-20UM,16500.0,17280.7821,MG,2024-03-27
159,PO-2024-032,EPOXY-005,2150.0,2147.4682,G,2024-03-27
160,PO-2024-032,ADHESIVE,250.0,252.2006,G,2024-03-27
161,PO-2024-033,DIE-008,1950.0,1904.2142,EA,2024-01-30
162,PO-2024-033,SUBSTRATE-008,1950.0,1965.2527,EA,2024-01-30
163,PO-2024-033,GOLDWIRE-35UM,94770.0,94376.6178,MG,2024-01-30
164,PO-2024-033,EPOXY-003,4387.5,4425.1192,G,2024-01-30
165,PO-2024-033,ADHESIVE,195.0,189.648,G,2024-01-30
166,PO-2024-034,DIE-004,1500.0,1468.2605,EA,2024-03-24
167,PO-2024-034,SUBSTRATE-004,1500.0,1478.1833,EA,2024-03-24
168,PO-2024-034,GOLDWIRE-30UM,18000.0,17656.1504,MG,2024-03-24
169,PO-2024-034,EPOXY-005,2115.0,2089.4293,G,2024-03-24
170,PO-2024-034,ADHESIVE,150.0,147.0737,G,2024-03-24
171,PO-2024-035,DIE-004,2600.0,2597.0201,EA,2024-01-03
172,PO-2024-035,SUBSTRATE-004,2600.0,2714.3352,EA,2024-01-03
173,PO-2024-035,GOLDWIRE-30UM,31200.0,32192.5416,MG,2024-01-03
174,PO-2024-035,EPOXY-005,3666.0,3834.3465,G,2024-01-03
175,PO-2024-035,ADHESIVE,260.0,273.4912,G,2024-01-03
176,PO-2024-036,DIE-005,3250.0,3206.7499,EA,2024-01-12
177,PO-2024-036,SUBSTRATE-005,3250.0,3212.4553,EA,2024-01-12
178,PO-2024-036,GOLDWIRE-20UM,48750.0,47710.0207,MG,2024-01-12
179,PO-2024-036,EPOXY-002,4095.0,4031.5885,G,2024-01-12
180,PO-2024-036,ADHESIVE,325.0,317.4518,G,2024-01-12
181,PO-2024-037,DIE-001,1300.0,1314.6461,EA,2024-01-12
182,PO-2024-037,SUBSTRATE-001,1300.0,1306.6022,EA,2024-01-12
183,PO-2024-037,GOLDWIRE-35UM,6240.0,6332.2296,MG,2024-01-12
184,PO-2024-037,EPOXY-002,1664.0,1717.9439,G,2024-01-12
185,PO-2024-037,ADHESIVE,130.0,132.9955,G,2024-01-12
186,PO-2024-038,DIE-011,1750.0,1862.0153,EA,2024-02-11
187,PO-2024-038,SUBSTRATE-001,1750.0,1797.8568,EA,2024-02-11
188,PO-2024-038,GOLDWIRE-25UM,3675.0,3822.8452,MG,2024-02-11
189,PO-2024-038,EPOXY-001,1610.0,1720.2642,G,2024-02-11
190,PO-2024-038,ADHESIVE,175.0,189.0528,G,2024-02-11
191,PO-2024-039,DIE-017,3250.0,3238.34,EA,2024-01-03
192,PO-2024-039,SUBSTRATE-007,3250.0,3128.8649,EA,2024-01-03
193,PO-2024-039,GOLDWIRE-35UM,27300.0,27490.4745,MG,2024-01-03
194,PO-2024-039,EPOXY-003,2795.0,2823.9197,G,2024-01-03
195,PO-2024-039,ADHESIVE,325.0,323.6238,G,2024-01-03
196,PO-2024-040,DIE-004,350.0,372.7937,EA,2024-02-04
197,PO-2024-040,SUBSTRATE-004,350.0,359.8477,EA,2024-02-04
198,PO-2024-040,GOLDWIRE-30UM,4200.0,4409.011,MG,2024-02-04
199,PO-2024-040,EPOXY-005,493.5,515.6763,G,2024-02-04
200,PO-2024-040,ADHESIVE,35.0,36.2115,G,2024-02-04
201,PO-2024-041,DIE-012,1050.0,1104.4784,EA,2024-02-05
202,PO-2024-041,SUBSTRATE-002,1050.0,1068.3742,EA,2024-02-05
203,PO-2024-041,GOLDWIRE-30UM,2520.0,2622.532,MG,2024-02-05
204,PO-2024-041,EPOXY-002,924.0,970.3617,G,2024-02-05
205,PO-2024-041,ADHESIVE,105.0,107.057,G,2024-02-05
206,PO-2024-042,DIE-016,1500.0,1521.5864,EA,2024-03-29
207,PO-2024-042,SUBSTRATE-006,1500.0,1513.5731,EA,2024-03-29
208,PO-2024-042,GOLDWIRE-25UM,10800.0,10754.6563,MG,2024-03-29
209,PO-2024-042,EPOXY-001,1215.0,1214.0796,G,2024-03-29
210,PO-2024-042,ADHESIVE,150.0,152.1889,G,2024-03-29
211,PO-2024-043,DIE-005,2600.0,2749.2524,EA,2024-01-14
212,PO-2024-043,SUBSTRATE-005,2600.0,2776.8263,EA,2024-01-14
213,PO-2024-043,GOLDWIRE-20UM,39000.0,41003.6193,MG,2024-01-14
214,PO-2024-043,EPOXY-002,3276.0,3519.1579,G,2024-01-14
215,PO-2024-043,ADHESIVE,260.0,267.3555,G,2024-01-14
216,PO-2024-044,DIE-017,1950.0,1867.1804,EA,2024-01-20
217,PO-2024-044,SUBSTRATE-007,1950.0,1886.0581,EA,2024-01-20
218,PO-2024-044,GOLDWIRE-35UM,16380.0,15711.1997,MG,2024-01-20
219,PO-2024-044,EPOXY-003,1677.0,1673.3945,G,2024-01-20
220,PO-2024-044,ADHESIVE,195.0,195.6417,G,2024-01-20
221,PO-2024-045,DIE-017,1750.0,1736.7108,EA,2024-02-27
222,PO-2024-045,SUBSTRATE-007,1750.0,1652.5127,EA,2024-02-27
223,PO-2024-045,GOLDWIRE-35UM,14700.0,14626.5256,MG,2024-02-27
224,PO-2024-045,EPOXY-003,1505.0,1461.6677,G,2024-02-27
225,PO-2024-045,ADHESIVE,175.0,165.7935,G,2024-02-27
226,PO-2024-046,DIE-016,3250.0,3157.4895,EA,2024-01-23
227,PO-2024-046,SUBSTRATE-006,3250.0,3177.2072,EA,2024-01-23
228,PO-2024-046,GOLDWIRE-25UM,23400.0,22706.7468,MG,2024-01-23
229,PO-2024-046,EPOXY-001,2632.5,2545.8558,G,2024-01-23
230,PO-2024-046,ADHESIVE,325.0,306.9147,G,2024-01-23
231,PO-2024-047,DIE-017,2600.0,2514.8526,EA,2024-01-20
232,PO-2024-047,SUBSTRATE-007,2600.0,2494.034,EA,2024-01-20
233,PO-2024-047,GOLDWIRE-35UM,21840.0,21151.7216,MG,2024-01-20
234,PO-2024-047,EPOXY-003,2236.0,2243.5516,G,2024-01-20
235,PO-2024-047,ADHESIVE,260.0,254.816,G,2024-01-20
236,PO-2024-048,DIE-016,700.0,700.133,EA,2024-02-17
237,PO-2024-048,SUBSTRATE-006,700.0,726.1209,EA,2024-02-17
238,PO-2024-048,GOLDWIRE-25UM,5040.0,5280.7632,MG,2024-02-17
239,PO-2024-048,EPOXY-001,567.0,590.9508,G,2024-02-17
240,PO-2024-048,ADHESIVE,70.0,71.2319,G,2024-02-17
241,PO-2024-049,DIE-019,2000.0,2053.2853,EA,2024-03-13
242,PO-2024-049,SUBSTRATE-009,2000.0,2103.324,EA,2024-03-13
243,PO-2024-049,GOLDWIRE-30UM,8400.0,8736.271,MG,2024-03-13
244,PO-2024-049,EPOXY-004,800.0,863.3298,G,2024-03-13
245,PO-2024-049,ADHESIVE,200.0,206.5948,G,2024-03-13
246,PO-2024-050,DIE-015,1300.0,1419.5837,EA,2024-01-24
247,PO-2024-050,SUBSTRATE-005,1300.0,1394.7525,EA,2024-01-24
248,PO-2024-050,GOLDWIRE-35UM,6240.0,6498.2251,MG,2024-01-24
249,PO-2024-050,EPOXY-003,1274.0,1390.0208,G,2024-01-24
250,PO-2024-050,ADHESIVE,130.0,136.5235,G,2024-01-24
251,PO-2024-051,DIE-011,1400.0,1471.4139,EA,2024-02-13
252,PO-2024-051,SUBSTRATE-001,1400.0,1446.1299,EA,2024-02-13
253,PO-2024-051,GOLDWIRE-25UM,2940.0,3049.145,MG,2024-02-13
254,PO-2024-051,EPOXY-001,1288.0,1334.9911,G,2024-02-13
255,PO-2024-051,ADHESIVE,140.0,144.9731,G,2024-02-13
256,PO-2024-052,DIE-013,700.0,720.7967,EA,2024-02-05
257,PO-2024-052,SUBSTRATE-003,700.0,722.8281,EA,2024-02-05
258,PO-2024-052,GOLDWIRE-18UM,2100.0,2222.6745,MG,2024-02-05
259,PO-2024-052,EPOXY-005,308.0,328.8488,G,2024-02-05
260,PO-2024-052,ADHESIVE,70.0,72.0437,G,2024-02-05
261,PO-2024-053,DIE-001,1000.0,950.321,EA,2024-03-03
262,PO-2024-053,SUBSTRATE-001,1000.0,991.4597,EA,2024-03-03
263,PO-2024-053,GOLDWIRE-35UM,4800.0,4781.97,MG,2024-03-03
264,PO-2024-053,EPOXY-002,1280.0,1236.6437,G,2024-03-03
265,PO-2024-053,ADHESIVE,100.0,99.234,G,2024-03-03
266,PO-2024-054,DIE-018,700.0,678.8819,EA,2024-02-11
267,PO-2024-054,SUBSTRATE-008,700.0,667.951,EA,2024-02-11
268,PO-2024-054,GOLDWIRE-20UM,2100.0,2093.5145,MG,2024-02-11
269,PO-2024-054,EPOXY-001,406.0,407.4159,G,2024-02-11
270,PO-2024-054,ADHESIVE,70.0,69.1802,G,2024-02-11
271,PO-2024-055,DIE-016,1050.0,1105.0033,EA,2024-02-14
272,PO-2024-055,SUBSTRATE-006,1050.0,1118.4867,EA,2024-02-14
273,PO-2024-055,GOLDWIRE-25UM,7560.0,7855.1263,MG,2024-02-14
274,PO-2024-055,EPOXY-001,850.5,885.7121,G,2024-02-14
275,PO-2024-055,ADHESIVE,105.0,108.3496,G,2024-02-14
276,PO-2024-056,DIE-011,1750.0,1768.9676,EA,2024-02-17
277,PO-2024-056,SUBSTRATE-001,1750.0,1728.6697,EA,2024-02-17
278,PO-2024-056,GOLDWIRE-25UM,3675.0,3752.1303,MG,2024-02-17
279,PO-2024-056,EPOXY-001,1610.0,1637.7101,G,2024-02-17
280,PO-2024-056,ADHESIVE,175.0,179.1736,G,2024-02-17
281,PO-2024-057,DIE-019,350.0,332.703,EA,2024-02-13
282,PO-2024-057,SUBSTRATE-009,350.0,335.6266,EA,2024-02-13
283,PO-2024-057,GOLDWIRE-30UM,1470.0,1449.9238,MG,2024-02-13
284,PO-2024-057,EPOXY-004,140.0,134.4762,G,2024-02-13
285,PO-2024-057,ADHESIVE,35.0,33.4313,G,2024-02-13
286,PO-2024-058,DIE-010,1500.0,1446.6506,EA,2024-03-17
287,PO-2024-058,SUBSTRATE-010,1500.0,1484.9436,EA,2024-03-17
288,PO-2024-058,GOLDWIRE-30UM,1800.0,1726.4091,MG,2024-03-17
289,PO-2024-058,EPOXY-002,1065.0,1058.9385,G,2024-03-17
290,PO-2024-058,ADHESIVE,150.0,147.4421,G,2024-03-17
291,PO-2024-059,DIE-010,1400.0,1448.0888,EA,2024-02-12
292,PO-2024-059,SUBSTRATE-010,1400.0,1405.0463,EA,2024-02-12
293,PO-2024-059,GOLDWIRE-30UM,1680.0,1770.0257,MG,2024-02-12
294,PO-2024-059,EPOXY-002,994.0,996.0021,G,2024-02-12
295,PO-2024-059,ADHESIVE,140.0,147.5067,G,2024-02-12
296,PO-2024-060,DIE-004,1000.0,976.0608,EA,2024-03-15
297,PO-2024-060,SUBSTRATE-004,1000.0,962.3576,EA,2024-03-15
298,PO-2024-060,GOLDWIRE-30UM,12000.0,12076.9504,MG,2024-03-15
299,PO-2024-060,EPOXY-005,1410.0,1356.8697,G,2024-03-15
300,PO-2024-060,ADHESIVE,100.0,101.0282,G,2024-03-15
301,PO-2024-061,DIE-009,2500.0,2487.4992,EA,2024-03-10
302,PO-2024-061,SUBSTRATE-009,2500.0,2507.2996,EA,2024-03-10
303,PO-2024-061,GOLDWIRE-18UM,181500.0,190140.8387,MG,2024-03-10
304,PO-2024-061,EPOXY-005,4750.0,5005.0593,G,2024-03-10
305,PO-2024-061,ADHESIVE,250.0,249.6643,G,2024-03-10
306,PO-2024-062,DIE-009,1000.0,1026.552,EA,2024-03-29
307,PO-2024-062,SUBSTRATE-009,1000.0,995.2674,EA,2024-03-29
308,PO-2024-062,GOLDWIRE-18UM,72600.0,73831.7187,MG,2024-03-29
309,PO-2024-062,EPOXY-005,1900.0,1906.2521,G,2024-03-29
310,PO-2024-062,ADHESIVE,100.0,98.408,G,2024-03-29
311,PO-2024-063,DIE-013,1750.0,1713.1948,EA,2024-02-15
312,PO-2024-063,SUBSTRATE-003,1750.0,1749.1088,EA,2024-02-15
313,PO-2024-063,GOLDWIRE-18UM,5250.0,5203.476,MG,2024-02-15
314,PO-2024-063,EPOXY-005,770.0,782.3935,G,2024-02-15
315,PO-2024-063,ADHESIVE,175.0,174.4169,G,2024-02-15
316,PO-2024-064,DIE-019,1750.0,1785.5648,EA,2024-02-10
317,PO-2024-064,SUBSTRATE-009,1750.0,1743.7381,EA,2024-02-10
318,PO-2024-064,GOLDWIRE-30UM,7350.0,7347.0364,MG,2024-02-10
319,PO-2024-064,EPOXY-004,700.0,702.9192,G,2024-02-10
320,PO-2024-064,ADHESIVE,175.0,171.723,G,2024-02-10
321,PO-2024-065,DIE-001,1500.0,1557.0385,EA,2024-04-02
322,PO-2024-065,SUBSTRATE-001,1500.0,1520.3538,EA,2024-04-02
323,PO-2024-065,GOLDWIRE-35UM,11700.0,11815.5939,MG,2024-04-02
324,PO-2024-065,EPOXY-001,1380.0,1381.979,G,2024-04-02
325,PO-2024-065,ADHESIVE,150.0,158.4198,G,2024-04-02
326,PO-2024-066,DIE-012,700.0,732.7714,EA,2024-02-21
327,PO-2024-066,SUBSTRATE-002,700.0,730.3264,EA,2024-02-21
328,PO-2024-066,GOLDWIRE-30UM,1680.0,1690.0943,MG,2024-02-21
329,PO-2024-066,EPOXY-002,616.0,622.2101,G,2024-02-21
330,PO-2024-066,ADHESIVE,70.0,71.2819,G,2024-02-21
331,PO-2024-067,DIE-010,1950.0,1884.6836,EA,2024-01-04
332,PO-2024-067,SUBSTRATE-010,1950.0,1919.0625,EA,2024-01-04
333,PO-2024-067,GOLDWIRE-30UM,2340.0,2265.4147,MG,2024-01-04
334,PO-2024-067,EPOXY-002,1384.5,1365.3509,G,2024-01-04
335,PO-2024-067,ADHESIVE,195.0,193.1434,G,2024-01-04
336,PO-2024-068,DIE-009,1500.0,1495.1938,EA,2024-03-19
337,PO-2024-068,SUBSTRATE-009,1500.0,1510.487,EA,2024-03-19
338,PO-2024-068,GOLDWIRE-18UM,108900.0,111445.6342,MG,2024-03-19
339,PO-2024-068,EPOXY-005,2850.0,2829.765,G,2024-03-19
340,PO-2024-068,ADHESIVE,150.0,148.8896,G,2024-03-19
341,PO-2024-069,DIE-009,2000.0,2083.5989,EA,2024-03-09
342,PO-2024-069,SUBSTRATE-009,2000.0,2055.412,EA,2024-03-09
343,PO-2024-069,GOLDWIRE-18UM,145200.0,151933.3099,MG,2024-03-09
344,PO-2024-069,EPOXY-005,3800.0,3932.4495,G,2024-03-09
345,PO-2024-069,ADHESIVE,200.0,208.0328,G,2024-03-09
346,PO-2024-070,DIE-004,650.0,632.1759,EA,2024-01-25
347,PO-2024-070,SUBSTRATE-004,650.0,647.8162,EA,2024-01-25
348,PO-2024-070,GOLDWIRE-30UM,7800.0,7691.2973,MG,2024-01-25
349,PO-2024-070,EPOXY-005,916.5,914.9937,G,2024-01-25
350,PO-2024-070,ADHESIVE,65.0,65.7878,G,2024-01-25
351,PO-2024-071,DIE-013,350.0,364.239,EA,2024-02-15
352,PO-2024-071,SUBSTRATE-003,350.0,360.3491,EA,2024-02-15
353,PO-2024-071,GOLDWIRE-18UM,1050.0,1098.0615,MG,2024-02-15
354,PO-2024-071,EPOXY-005,154.0,156.4937,G,2024-02-15
355,PO-2024-071,ADHESIVE,35.0,37.4751,G,2024-02-15
356,PO-2024-072,DIE-004,700.0,758.564,EA,2024-02-10
357,PO-2024-072,SUBSTRATE-004,700.0,728.1186,EA,2024-02-10
358,PO-2024-072,GOLDWIRE-30UM,8400.0,9089.1711,MG,2024-02-10
359,PO-2024-072,EPOXY-005,987.0,1051.0361,G,2024-02-10
360,PO-2024-072,ADHESIVE,70.0,73.5091,G,2024-02-10
361,PO-2024-073,DIE-013,1400.0,1412.0339,EA,2024-02-03
362,PO-2024-073,SUBSTRATE-003,1400.0,1471.8163,EA,2024-02-03
363,PO-2024-073,GOLDWIRE-18UM,4200.0,4377.8849,MG,2024-02-03
364,PO-2024-073,EPOXY-005,616.0,613.9208,G,2024-02-03
365,PO-2024-073,ADHESIVE,140.0,141.8828,G,2024-02-03
366,PO-2024-074,DIE-006,1750.0,1700.4869,EA,2024-02-25
367,PO-2024-074,SUBSTRATE-006,1750.0,1693.9953,EA,2024-02-25
368,PO-2024-074,GOLDWIRE-18UM,37800.0,37486.9257,MG,2024-02-25
369,PO-2024-074,EPOXY-004,2870.0,2731.9244,G,2024-02-25
370,PO-2024-074,ADHESIVE,175.0,174.8961,G,2024-02-25
371,PO-2024-075,DIE-015,700.0,678.7301,EA,2024-02-22
372,PO-2024-075,SUBSTRATE-005,700.0,662.8419,EA,2024-02-22
373,PO-2024-075,GOLDWIRE-35UM,3360.0,3350.2102,MG,2024-02-22
374,PO-2024-075,EPOXY-003,686.0,680.5171,G,2024-02-22
375,PO-2024-075,ADHESIVE,70.0,70.2408,G,2024-02-22
376,PO-2024-076,DIE-020,700.0,697.7778,EA,2024-02-27
377,PO-2024-076,SUBSTRATE-010,700.0,691.0177,EA,2024-02-27
378,PO-2024-076,GOLDWIRE-20UM,4620.0,4584.3587,MG,2024-02-27
379,PO-2024-076,EPOXY-005,602.0,599.819,G,2024-02-27
380,PO-2024-076,ADHESIVE,70.0,69.2267,G,2024-02-27
381,PO-2024-077,DIE-012,350.0,348.7596,EA,2024-03-01
382,PO-2024-077,SUBSTRATE-002,350.0,360.9221,EA,2024-03-01
383,PO-2024-077,GOLDWIRE-30UM,840.0,836.4557,MG,2024-03-01
384,PO-2024-077,EPOXY-002,308.0,306.16,G,2024-03-01
385,PO-2024-077,ADHESIVE,35.0,34.9196,G,2024-03-01
386,PO-2024-078,DIE-013,700.0,740.6866,EA,2024-03-02
387,PO-2024-078,SUBSTRATE-003,700.0,741.2072,EA,2024-03-02
388,PO-2024-078,GOLDWIRE-18UM,2100.0,2212.2481,MG,2024-03-02
389,PO-2024-078,EPOXY-005,308.0,313.9848,G,2024-03-02
390,PO-2024-078,ADHESIVE,70.0,71.1868,G,2024-03-02
391,PO-2024-079,DIE-001,1500.0,1590.5716,EA,2024-03-20
392,PO-2024-079,SUBSTRATE-001,1500.0,1534.8787,EA,2024-03-20
393,PO-2024-079,GOLDWIRE-35UM,11700.0,12525.5075,MG,2024-03-20
394,PO-2024-079,EPOXY-001,1380.0,1411.5606,G,2024-03-20
395,PO-2024-079,ADHESIVE,150.0,156.5701,G,2024-03-20
396,PO-2024-080,DIE-002,2000.0,2049.1574,EA,2024-03-06
397,PO-2024-080,SUBSTRATE-002,2000.0,2147.0025,EA,2024-03-06
398,PO-2024-080,GOLDWIRE-25UM,13200.0,13686.5084,MG,2024-03-06
399,PO-2024-080,EPOXY-002,2760.0,2877.1292,G,2024-03-06
400,PO-2024-080,ADHESIVE,200.0,205.7881,G,2024-03-06
401,PO-2024-081,DIE-009,2000.0,2024.7182,EA,2024-03-04
402,PO-2024-081,SUBSTRATE-009,2000.0,2035.4607,EA,2024-03-04
403,PO-2024-081,GOLDWIRE-18UM,145200.0,143347.2019,MG,2024-03-04
404,PO-2024-081,EPOXY-005,3800.0,3782.3573,G,2024-03-04
405,PO-2024-081,ADHESIVE,200.0,196.3333,G,2024-03-04
406,PO-2024-082,DIE-001,1750.0,1746.623,EA,2024-02-07
407,PO-2024-082,SUBSTRATE-001,1750.0,1826.7825,EA,2024-02-07
408,PO-2024-082,GOLDWIRE-35UM,8400.0,8784.0283,MG,2024-02-07
409,PO-2024-082,EPOXY-002,2240.0,2345.583,G,2024-02-07
410,PO-2024-082,ADHESIVE,175.0,176.059,G,2024-02-07
411,PO-2024-083,DIE-016,1950.0,1975.9586,EA,2024-01-13
412,PO-2024-083,SUBSTRATE-006,1950.0,1968.2849,EA,2024-01-13
413,PO-2024-083,GOLDWIRE-25UM,14040.0,13891.1549,MG,2024-01-13
414,PO-2024-083,EPOXY-001,1579.5,1525.832,G,2024-01-13
415,PO-2024-083,ADHESIVE,195.0,196.2476,G,2024-01-13
416,PO-2024-084,DIE-016,1300.0,1254.9931,EA,2024-01-12
417,PO-2024-084,SUBSTRATE-006,1300.0,1289.4993,EA,2024-01-12
418,PO-2024-084,GOLDWIRE-25UM,9360.0,9283.3383,MG,2024-01-12
419,PO-2024-084,EPOXY-001,1053.0,1027.1981,G,2024-01-12
420,PO-2024-084,ADHESIVE,130.0,130.247,G,2024-01-12
421,PO-2024-085,DIE-010,650.0,658.2558,EA,2024-01-30
422,PO-2024-085,SUBSTRATE-010,650.0,639.8743,EA,2024-01-30
423,PO-2024-085,GOLDWIRE-30UM,780.0,782.2205,MG,2024-01-30
424,PO-2024-085,EPOXY-002,461.5,459.1777,G,2024-01-30
425,PO-2024-085,ADHESIVE,65.0,64.1184,G,2024-01-30
426,PO-2024-086,DIE-010,350.0,342.2797,EA,2024-02-26
427,PO-2024-086,SUBSTRATE-010,350.0,350.1545,EA,2024-02-26
428,PO-2024-086,GOLDWIRE-30UM,420.0,408.0921,MG,2024-02-26
429,PO-2024-086,EPOXY-002,248.5,243.2014,G,2024-02-26
430,PO-2024-086,ADHESIVE,35.0,34.7868,G,2024-02-26
431,PO-2024-087,DIE-008,500.0,518.4707,EA,2024-04-01
432,PO-2024-087,SUBSTRATE-008,500.0,527.9811,EA,2024-04-01
433,PO-2024-087,GOLDWIRE-35UM,24300.0,25350.0419,MG,2024-04-01
434,PO-2024-087,EPOXY-003,1125.0,1184.0575,G,2024-04-01
435,PO-2024-087,ADHESIVE,50.0,53.6393,G,2024-04-01
436,PO-2024-088,DIE-007,500.0,526.51,EA,2024-03-04
437,PO-2024-088,SUBSTRATE-007,500.0,535.5138,EA,2024-03-04
438,PO-2024-088,GOLDWIRE-30UM,19200.0,20609.7817,MG,2024-03-04
439,PO-2024-088,EPOXY-002,1120.0,1201.3615,G,2024-03-04
440,PO-2024-088,ADHESIVE,50.0,53.0859,G,2024-03-04
441,PO-2024-089,DIE-018,1750.0,1840.4395,EA,2024-02-26
442,PO-2024-089,SUBSTRATE-008,1750.0,1834.7835,EA,2024-02-26
443,PO-2024-089,GOLDWIRE-20UM,5250.0,5330.0265,MG,2024-02-26
444,PO-2024-089,EPOXY-001,1015.0,1025.9578,G,2024-02-26
445,PO-2024-089,ADHESIVE,175.0,176.8005,G,2024-02-26
446,PO-2024-090,DIE-001,2600.0,2644.9274,EA,2024-01-30
447,PO-2024-090,SUBSTRATE-001,2600.0,2509.3403,EA,2024-01-30
448,PO-2024-090,GOLDWIRE-35UM,20280.0,19715.5143,MG,2024-01-30
449,PO-2024-090,EPOXY-001,2392.0,2368.3434,G,2024-01-30
450,PO-2024-090,ADHESIVE,260.0,255.1339,G,2024-01-30
451,PO-2024-091,DIE-003,1050.0,1068.6648,EA,2024-02-22
452,PO-2024-091,SUBSTRATE-003,1050.0,1106.039,EA,2024-02-22
453,PO-2024-091,GOLDWIRE-20UM,10080.0,10461.0892,MG,2024-02-22
454,PO-2024-091,EPOXY-004,1039.5,1068.8013,G,2024-02-22
455,PO-2024-091,ADHESIVE,105.0,108.2644,G,2024-02-22
456,PO-2024-092,DIE-016,2600.0,2761.0354,EA,2024-01-25
457,PO-2024-092,SUBSTRATE-006,2600.0,2786.992,EA,2024-01-25
458,PO-2024-092,GOLDWIRE-25UM,18720.0,19795.1071,MG,2024-01-25
459,PO-2024-092,EPOXY-001,2106.0,2250.6164,G,2024-01-25
460,PO-2024-092,ADHESIVE,260.0,274.2902,G,2024-01-25
461,PO-2024-093,DIE-004,2600.0,2723.9148,EA,2024-01-05
462,PO-2024-093,SUBSTRATE-004,2600.0,2618.9258,EA,2024-01-05
463,PO-2024-093,GOLDWIRE-30UM,31200.0,32211.6035,MG,2024-01-05
464,PO-2024-093,EPOXY-005,3666.0,3678.659,G,2024-01-05
465,PO-2024-093,ADHESIVE,260.0,264.5193,G,2024-01-05
466,PO-2024-094,DIE-010,2000.0,1926.5064,EA,2024-03-24
467,PO-2024-094,SUBSTRATE-010,2000.0,1941.3725,EA,2024-03-24
468,PO-2024-094,GOLDWIRE-30UM,2400.0,2416.782,MG,2024-03-24
469,PO-2024-094,EPOXY-002,1420.0,1378.7621,G,2024-03-24
470,PO-2024-094,ADHESIVE,200.0,200.4679,G,2024-03-24
471,PO-2024-095,DIE-009,1400.0,1409.1394,EA,2024-02-05
472,PO-2024-095,SUBSTRATE-009,1400.0,1360.1653,EA,2024-02-05
473,PO-2024-095,GOLDWIRE-18UM,101640.0,100058.3642,MG,2024-02-05
474,PO-2024-095,EPOXY-005,2660.0,2728.8657,G,2024-02-05
475,PO-2024-095,ADHESIVE,140.0,143.4636,G,2024-02-05
476,PO-2024-096,DIE-011,1050.0,1106.1048,EA,2024-02-20
477,PO-2024-096,SUBSTRATE-001,1050.0,1058.4179,EA,2024-02-20
478,PO-2024-096,GOLDWIRE-25UM,2205.0,2239.142,MG,2024-02-20
479,PO-2024-096,EPOXY-001,966.0,1006.5545,G,2024-02-20
480,PO-2024-096,ADHESIVE,105.0,111.5668,G,2024-02-20
481,PO-2024-097,DIE-009,2600.0,2442.8036,EA,2024-01-13
482,PO-2024-097,SUBSTRATE-009,2600.0,2485.4215,EA,2024-01-13
483,PO-2024-097,GOLDWIRE-18UM,188760.0,187607.9173,MG,2024-01-13
484,PO-2024-097,EPOXY-005,4940.0,4852.0823,G,2024-01-13
485,PO-2024-097,ADHESIVE,260.0,246.6095,G,2024-01-13
486,PO-2024-098,DIE-002,650.0,689.3774,EA,2024-01-30
487,PO-2024-098,SUBSTRATE-002,650.0,678.1987,EA,2024-01-30
488,PO-2024-098,GOLDWIRE-25UM,4290.0,4484.7244,MG,2024-01-30
489,PO-2024-098,EPOXY-002,897.0,950.4025,G,2024-01-30
490,PO-2024-098,ADHESIVE,65.0,66.517,G,2024-01-30
491,PO-2024-099,DIE-017,700.0,744.5585,EA,2024-02-02
492,PO-2024-099,SUBSTRATE-007,700.0,745.1859,EA,2024-02-02
493,PO-2024-099,GOLDWIRE-35UM,5880.0,6188.4345,MG,2024-02-02
494,PO-2024-099,EPOXY-003,602.0,621.5317,G,2024-02-02
495,PO-2024-099,ADHESIVE,70.0,75.3773,G,2024-02-02
496,PO-2024-100,DIE-005,2600.0,2758.909,EA,2024-01-18
497,PO-2024-100,SUBSTRATE-005,2600.0,2686.9679,EA,2024-01-18
498,PO-2024-100,GOLDWIRE-20UM,39000.0,40927.6497,MG,2024-01-18
499,PO-2024-100,EPOXY-002,3276.0,3298.3832,G,2024-01-18
500,PO-2024-100,ADHESIVE,260.0,273.9436,G,2024-01-18
