actual_id,order_no,workcenter_cd,operation_seq,actual_time_min,actual_qty,work_date,worker_count
1,PO-2024-001,WC-DIEBOND-01,10,409.68,1769,2024-02-08,1
2,PO-2024-001,WC-WIREBOND-01,20,1933.7,1769,2024-02-08,1
3,PO-2024-001,WC-MOLDING-01,30,623.68,1769,2024-02-08,1
4,PO-2024-001,WC-MARKING-01,40,150.04,1769,2024-02-08,1
5,PO-2024-001,WC-TEST-01,50,266.28,1769,2024-02-09,1
6,PO-2024-002,WC-DIEBOND-02,10,620.45,2604,2024-03-10,1
7,PO-2024-002,WC-WIREBOND-01,20,1506.01,2604,2024-03-10,1
8,PO-2024-002,WC-MOLDING-01,30,854.28,2604,2024-03-10,1
9,PO-2024-002,WC-MARKING-01,40,200.23,2604,2024-03-10,1
10,PO-2024-002,WC-TEST-02,50,396.12,2604,2024-03-11,1
11,PO-2024-003,WC-DIEBOND-01,10,167.5,677,2024-01-03,1
12,PO-2024-003,WC-WIREBOND-01,20,164.58,677,2024-01-03,1
13,PO-2024-003,WC-MOLDING-02,30,229.89,677,2024-01-03,1
14,PO-2024-003,WC-MARKING-01,40,55.88,677,2024-01-03,1
15,PO-2024-003,WC-TEST-02,50,106.55,677,2024-01-04,1
16,PO-2024-004,WC-DIEBOND-01,10,161.89,633,2024-01-31,1
17,PO-2024-004,WC-WIREBOND-01,20,82.72,633,2024-01-31,1
18,PO-2024-004,WC-MOLDING-02,30,228.25,633,2024-01-31,1
19,PO-2024-004,WC-MARKING-02,40,54.43,633,2024-01-31,1
20,PO-2024-004,WC-TEST-02,50,101.31,633,2024-02-01,1
21,PO-2024-005,WC-DIEBOND-02,10,689.72,2682,2024-01-11,1
22,PO-2024-005,WC-WIREBOND-01,20,607.63,2682,2024-01-11,1
23,PO-2024-005,WC-MOLDING-02,30,983.15,2682,2024-01-11,1
24,PO-2024-005,WC-MARKING-02,40,239.02,2682,2024-01-11,1
25,PO-2024-005,WC-TEST-02,50,440.41,2682,2024-01-12,1
26,PO-2024-006,WC-DIEBOND-02,10,304.13,1320,2024-01-17,1
27,PO-2024-006,WC-WIREBOND-01,20,600.89,1320,2024-01-17,1
28,PO-2024-006,WC-MOLDING-02,30,435.03,1320,2024-01-17,1
29,PO-2024-006,WC-MARKING-01,40,118.78,1320,2024-01-17,1
30,PO-2024-006,WC-TEST-02,50,212.17,1320,2024-01-18,1
31,PO-2024-007,WC-DIEBOND-01,10,421.84,1815,2024-02-03,1
32,PO-2024-007,WC-WIREBOND-01,20,419.83,1815,2024-02-03,1
33,PO-2024-007,WC-MOLDING-02,30,620.04,1815,2024-02-03,1
34,PO-2024-007,WC-MARKING-01,40,153.83,1815,2024-02-03,1
35,PO-2024-007,WC-TEST-02,50,315.34,1815,2024-02-04,1
36,PO-2024-008,WC-DIEBOND-02,10,249.17,1021,2024-03-10,1
37,PO-2024-008,WC-WIREBOND-02,20,3936.29,1021,2024-03-10,1
38,PO-2024-008,WC-MOLDING-01,30,326.37,1021,2024-03-10,1
39,PO-2024-008,WC-MARKING-01,40,85.18,1021,2024-03-10,1
40,PO-2024-008,WC-TEST-01,50,167.79,1021,2024-03-11,1
41,PO-2024-009,WC-DIEBOND-02,10,394.34,1490,2024-03-24,1
42,PO-2024-009,WC-WIREBOND-01,20,215.43,1490,2024-03-24,1
43,PO-2024-009,WC-MOLDING-02,30,512.03,1490,2024-03-24,1
44,PO-2024-009,WC-MARKING-01,40,133.55,1490,2024-03-24,1
45,PO-2024-009,WC-TEST-01,50,250.88,1490,2024-03-25,1
46,PO-2024-010,WC-DIEBOND-01,10,179.48,669,2024-02-01,1
47,PO-2024-010,WC-WIREBOND-01,20,144.02,669,2024-02-01,1
48,PO-2024-010,WC-MOLDING-02,30,240.31,669,2024-02-01,1
49,PO-2024-010,WC-MARKING-01,40,54.79,669,2024-02-01,1
50,PO-2024-010,WC-TEST-01,50,118.8,669,2024-02-02,1
51,PO-2024-011,WC-DIEBOND-02,10,773.75,3159,2024-01-30,1
52,PO-2024-011,WC-WIREBOND-01,20,1442.78,3159,2024-01-30,1
53,PO-2024-011,WC-MOLDING-02,30,1013.52,3159,2024-01-30,1
54,PO-2024-011,WC-MARKING-01,40,253.38,3159,2024-01-30,1
55,PO-2024-011,WC-TEST-02,50,500.69,3159,2024-01-31,1
56,PO-2024-012,WC-DIEBOND-01,10,338.94,1243,2024-01-08,1
57,PO-2024-012,WC-WIREBOND-01,20,281.53,1243,2024-01-08,1
58,PO-2024-012,WC-MOLDING-01,30,412.2,1243,2024-01-08,1
59,PO-2024-012,WC-MARKING-01,40,95.11,1243,2024-01-08,1
60,PO-2024-012,WC-TEST-01,50,189.99,1243,2024-01-09,1
61,PO-2024-013,WC-DIEBOND-01,10,780.22,3164,2024-01-10,1
62,PO-2024-013,WC-WIREBOND-01,20,829.69,3164,2024-01-10,1
63,PO-2024-013,WC-MOLDING-02,30,1027.8,3164,2024-01-10,1
64,PO-2024-013,WC-MARKING-01,40,244.16,3164,2024-01-10,1
65,PO-2024-013,WC-TEST-02,50,480.93,3164,2024-01-11,1
66,PO-2024-014,WC-DIEBOND-02,10,278.83,1022,2024-03-10,1
67,PO-2024-014,WC-WIREBOND-01,20,420.74,1022,2024-03-10,1
68,PO-2024-014,WC-MOLDING-01,30,352.25,1022,2024-03-10,1
69,PO-2024-014,WC-MARKING-01,40,83.65,1022,2024-03-10,1
70,PO-2024-014,WC-TEST-01,50,183.06,1022,2024-03-11,1
71,PO-2024-015,WC-DIEBOND-02,10,279.67,1028,2024-03-01,1
72,PO-2024-015,WC-WIREBOND-01,20,158.57,1028,2024-03-01,1
73,PO-2024-015,WC-MOLDING-02,30,371.17,1028,2024-03-01,1
74,PO-2024-015,WC-MARKING-01,40,77.98,1028,2024-03-01,1
75,PO-2024-015,WC-TEST-01,50,164.06,1028,2024-03-02,1
76,PO-2024-016,WC-DIEBOND-01,10,158.81,660,2024-01-13,1
77,PO-2024-016,WC-WIREBOND-01,20,151.92,660,2024-01-13,1
78,PO-2024-016,WC-MOLDING-02,30,220.33,660,2024-01-13,1
79,PO-2024-016,WC-MARKING-01,40,51.2,660,2024-01-13,1
80,PO-2024-016,WC-TEST-02,50,109.61,660,2024-01-14,1
81,PO-2024-017,WC-DIEBOND-01,10,95.18,356,2024-02-29,1
82,PO-2024-017,WC-WIREBOND-02,20,269.93,356,2024-02-29,1
83,PO-2024-017,WC-MOLDING-01,30,120.0,356,2024-02-29,1
84,PO-2024-017,WC-MARKING-01,40,27.38,356,2024-02-29,1
85,PO-2024-017,WC-TEST-01,50,56.71,356,2024-03-01,1
86,PO-2024-018,WC-DIEBOND-02,10,628.34,2659,2024-01-08,1
87,PO-2024-018,WC-WIREBOND-02,20,1310.65,2659,2024-01-08,1
88,PO-2024-018,WC-MOLDING-02,30,897.14,2659,2024-01-08,1
89,PO-2024-018,WC-MARKING-02,40,233.44,2659,2024-01-08,1
90,PO-2024-018,WC-TEST-01,50,453.96,2659,2024-01-09,1
91,PO-2024-019,WC-DIEBOND-02,10,175.43,678,2024-02-01,1
92,PO-2024-019,WC-WIREBOND-01,20,107.43,678,2024-02-01,1
93,PO-2024-019,WC-MOLDING-02,30,230.93,678,2024-02-01,1
94,PO-2024-019,WC-MARKING-01,40,58.28,678,2024-02-01,1
95,PO-2024-019,WC-TEST-01,50,117.37,678,2024-02-02,1
96,PO-2024-020,WC-DIEBOND-02,10,439.76,1942,2024-01-24,1
97,PO-2024-020,WC-WIREBOND-01,20,203.93,1942,2024-01-24,1
98,PO-2024-020,WC-MOLDING-02,30,681.31,1942,2024-01-24,1
99,PO-2024-020,WC-MARKING-01,40,175.48,1942,2024-01-24,1
100,PO-2024-020,WC-TEST-02,50,314.02,1942,2024-01-25,1
101,PO-2024-021,WC-DIEBOND-02,10,393.0,1679,2024-02-26,1
102,PO-2024-021,WC-WIREBOND-02,20,5896.39,1679,2024-02-26,1
103,PO-2024-021,WC-MOLDING-01,30,577.28,1679,2024-02-26,1
104,PO-2024-021,WC-MARKING-01,40,127.87,1679,2024-02-26,1
105,PO-2024-021,WC-TEST-01,50,293.32,1679,2024-02-27,1
106,PO-2024-022,WC-DIEBOND-02,10,185.22,677,2024-01-02,1
107,PO-2024-022,WC-WIREBOND-02,20,2351.15,677,2024-01-02,1
108,PO-2024-022,WC-MOLDING-01,30,227.04,677,2024-01-02,1
109,PO-2024-022,WC-MARKING-01,40,55.02,677,2024-01-02,1
110,PO-2024-022,WC-TEST-01,50,111.79,677,2024-01-03,1
111,PO-2024-023,WC-DIEBOND-02,10,325.32,1397,2024-02-22,1
112,PO-2024-023,WC-WIREBOND-02,20,2688.74,1397,2024-02-22,1
113,PO-2024-023,WC-MOLDING-01,30,449.31,1397,2024-02-22,1
114,PO-2024-023,WC-MARKING-01,40,126.69,1397,2024-02-22,1
115,PO-2024-023,WC-TEST-01,50,237.31,1397,2024-02-23,1
116,PO-2024-024,WC-DIEBOND-02,10,664.84,2470,2024-01-22,1
117,PO-2024-024,WC-WIREBOND-01,20,1004.27,2470,2024-01-22,1
118,PO-2024-024,WC-MOLDING-02,30,865.23,2470,2024-01-22,1
119,PO-2024-024,WC-MARKING-01,40,187.3,2470,2024-01-22,1
120,PO-2024-024,WC-TEST-02,50,377.22,2470,2024-01-23,1
121,PO-2024-025,WC-DIEBOND-02,10,352.69,1427,2024-02-06,1
122,PO-2024-025,WC-WIREBOND-02,20,220.17,1427,2024-02-06,1
123,PO-2024-025,WC-MOLDING-02,30,485.85,1427,2024-02-06,1
124,PO-2024-025,WC-MARKING-02,40,116.88,1427,2024-02-06,1
125,PO-2024-025,WC-TEST-02,50,224.3,1427,2024-02-07,1
126,PO-2024-026,WC-DIEBOND-02,10,483.69,1930,2024-03-25,1
127,PO-2024-026,WC-WIREBOND-01,20,205.73,1930,2024-03-25,1
128,PO-2024-026,WC-MOLDING-02,30,593.27,1930,2024-03-25,1
129,PO-2024-026,WC-MARKING-01,40,166.57,1930,2024-03-25,1
130,PO-2024-026,WC-TEST-02,50,327.66,1930,2024-03-26,1
131,PO-2024-027,WC-DIEBOND-01,10,600.72,2390,2024-03-15,1
132,PO-2024-027,WC-WIREBOND-01,20,789.13,2390,2024-03-15,1
133,PO-2024-027,WC-MOLDING-01,30,752.14,2390,2024-03-15,1
134,PO-2024-027,WC-MARKING-01,40,218.46,2390,2024-03-15,1
135,PO-2024-027,WC-TEST-02,50,362.86,2390,2024-03-16,1
136,PO-2024-028,WC-DIEBOND-01,10,470.44,2000,2024-03-15,1
137,PO-2024-028,WC-WIREBOND-01,20,816.8,2000,2024-03-15,1
138,PO-2024-028,WC-MOLDING-01,30,702.31,2000,2024-03-15,1
139,PO-2024-028,WC-MARKING-02,40,175.47,2000,2024-03-15,1
140,PO-2024-028,WC-TEST-01,50,319.3,2000,2024-03-16,1
141,PO-2024-029,WC-DIEBOND-01,10,719.1,3113,2024-01-08,1
142,PO-2024-029,WC-WIREBOND-01,20,1166.76,3113,2024-01-08,1
143,PO-2024-029,WC-MOLDING-01,30,1023.28,3113,2024-01-08,1
144,PO-2024-029,WC-MARKING-02,40,240.18,3113,2024-01-08,1
145,PO-2024-029,WC-TEST-01,50,522.21,3113,2024-01-09,1
146,PO-2024-030,WC-DIEBOND-01,10,304.38,1287,2024-01-09,1
147,PO-2024-030,WC-WIREBOND-01,20,488.29,1287,2024-01-09,1
148,PO-2024-030,WC-MOLDING-01,30,443.42,1287,2024-01-09,1
149,PO-2024-030,WC-MARKING-02,40,104.12,1287,2024-01-09,1
150,PO-2024-030,WC-TEST-01,50,210.08,1287,2024-01-10,1
151,PO-2024-031,WC-DIEBOND-01,10,462.87,1766,2024-02-01,1
152,PO-2024-031,WC-WIREBOND-01,20,380.66,1766,2024-02-01,1
153,PO-2024-031,WC-MOLDING-02,30,583.93,1766,2024-02-01,1
154,PO-2024-031,WC-MARKING-01,40,134.74,1766,2024-02-01,1
155,PO-2024-031,WC-TEST-01,50,283.33,1766,2024-02-02,1
156,PO-2024-032,WC-DIEBOND-01,10,620.1,2516,2024-03-25,1
157,PO-2024-032,WC-WIREBOND-01,20,847.31,2516,2024-03-25,1
158,PO-2024-032,WC-MOLDING-01,30,862.17,2516,2024-03-25,1
159,PO-2024-032,WC-MARKING-01,40,200.84,2516,2024-03-25,1
160,PO-2024-032,WC-TEST-02,50,411.37,2516,2024-03-26,1
161,PO-2024-033,WC-DIEBOND-02,10,519.02,1899,2024-01-27,1
162,PO-2024-033,WC-WIREBOND-01,20,4492.13,1899,2024-01-27,1
163,PO-2024-033,WC-MOLDING-02,30,689.67,1899,2024-01-27,1
164,PO-2024-033,WC-MARKING-02,40,156.99,1899,2024-01-27,1
165,PO-2024-033,WC-TEST-02,50,328.5,1899,2024-01-28,1
166,PO-2024-034,WC-DIEBOND-02,10,362.94,1493,2024-03-23,1
167,PO-2024-034,WC-WIREBOND-01,20,921.31,1493,2024-03-23,1
168,PO-2024-034,WC-MOLDING-01,30,458.44,1493,2024-03-23,1
169,PO-2024-034,WC-MARKING-01,40,122.82,1493,2024-03-23,1
170,PO-2024-034,WC-TEST-02,50,243.88,1493,2024-03-24,1
171,PO-2024-035,WC-DIEBOND-02,10,602.32,2631,2024-01-02,1
172,PO-2024-035,WC-WIREBOND-01,20,1766.23,2631,2024-01-02,1
173,PO-2024-035,WC-MOLDING-01,30,920.11,2631,2024-01-02,1
174,PO-2024-035,WC-MARKING-01,40,207.04,2631,2024-01-02,1
175,PO-2024-035,WC-TEST-02,50,462.98,2631,2024-01-03,1
176,PO-2024-036,WC-DIEBOND-01,10,722.15,3156,2024-01-10,1
177,PO-2024-036,WC-WIREBOND-02,20,2532.67,3156,2024-01-10,1
178,PO-2024-036,WC-MOLDING-01,30,1058.44,3156,2024-01-10,1
179,PO-2024-036,WC-MARKING-01,40,246.9,3156,2024-01-10,1
180,PO-2024-036,WC-TEST-01,50,555.06,3156,2024-01-11,1
181,PO-2024-037,WC-DIEBOND-02,10,311.2,1283,2024-01-09,1
182,PO-2024-037,WC-WIREBOND-01,20,350.15,1283,2024-01-09,1
183,PO-2024-037,WC-MOLDING-02,30,440.11,1283,2024-01-09,1
184,PO-2024-037,WC-MARKING-02,40,99.38,1283,2024-01-09,1
185,PO-2024-037,WC-TEST-02,50,196.85,1283,2024-01-10,1
186,PO-2024-038,WC-DIEBOND-02,10,436.12,1834,2024-02-08,1
187,PO-2024-038,WC-WIREBOND-01,20,188.57,1834,2024-02-08,1
188,PO-2024-038,WC-MOLDING-02,30,568.89,1834,2024-02-08,1
189,PO-2024-038,WC-MARKING-01,40,160.75,1834,2024-02-08,1
190,PO-2024-038,WC-TEST-02,50,279.71,1834,2024-02-09,1
191,PO-2024-039,WC-DIEBOND-02,10,867.85,3184,2024-01-02,1
192,PO-2024-039,WC-WIREBOND-01,20,1425.93,3184,2024-01-02,1
193,PO-2024-039,WC-MOLDING-02,30,1053.68,3184,2024-01-02,1
194,PO-2024-039,WC-MARKING-01,40,268.72,3184,2024-01-02,1
195,PO-2024-039,WC-TEST-02,50,539.1,3184,2024-01-03,1
196,PO-2024-040,WC-DIEBOND-02,10,94.04,363,2024-02-03,1
197,PO-2024-040,WC-WIREBOND-01,20,244.21,363,2024-02-03,1
198,PO-2024-040,WC-MOLDING-01,30,124.46,363,2024-02-03,1
199,PO-2024-040,WC-MARKING-01,40,33.19,363,2024-02-03,1
200,PO-2024-040,WC-TEST-02,50,58.36,363,2024-02-04,1
201,PO-2024-041,WC-DIEBOND-01,10,290.24,1061,2024-02-04,1
202,PO-2024-041,WC-WIREBOND-01,20,127.75,1061,2024-02-04,1
203,PO-2024-041,WC-MOLDING-02,30,349.41,1061,2024-02-04,1
204,PO-2024-041,WC-MARKING-02,40,87.87,1061,2024-02-04,1
205,PO-2024-041,WC-TEST-02,50,181.48,1061,2024-02-05,1
206,PO-2024-042,WC-DIEBOND-01,10,397.22,1500,2024-03-28,1
207,PO-2024-042,WC-WIREBOND-01,20,572.78,1500,2024-03-28,1
208,PO-2024-042,WC-MOLDING-01,30,485.19,1500,2024-03-28,1
209,PO-2024-042,WC-MARKING-02,40,114.35,1500,2024-03-28,1
210,PO-2024-042,WC-TEST-01,50,248.09,1500,2024-03-29,1
211,PO-2024-043,WC-DIEBOND-01,10,609.17,2685,2024-01-12,1
212,PO-2024-043,WC-WIREBOND-02,20,2043.68,2685,2024-01-12,1
213,PO-2024-043,WC-MOLDING-01,30,856.89,2685,2024-01-12,1
214,PO-2024-043,WC-MARKING-01,40,230.22,2685,2024-01-12,1
215,PO-2024-043,WC-TEST-01,50,490.22,2685,2024-01-13,1
216,PO-2024-044,WC-DIEBOND-02,10,432.41,1884,2024-01-17,1
217,PO-2024-044,WC-WIREBOND-01,20,838.16,1884,2024-01-17,1
218,PO-2024-044,WC-MOLDING-02,30,613.49,1884,2024-01-17,1
219,PO-2024-044,WC-MARKING-01,40,159.52,1884,2024-01-17,1
220,PO-2024-044,WC-TEST-02,50,342.53,1884,2024-01-18,1
221,PO-2024-045,WC-DIEBOND-02,10,435.88,1664,2024-02-24,1
222,PO-2024-045,WC-WIREBOND-01,20,659.91,1664,2024-02-24,1
223,PO-2024-045,WC-MOLDING-02,30,600.04,1664,2024-02-24,1
224,PO-2024-045,WC-MARKING-01,40,140.65,1664,2024-02-24,1
225,PO-2024-045,WC-TEST-02,50,260.04,1664,2024-02-25,1
226,PO-2024-046,WC-DIEBOND-01,10,791.02,3099,2024-01-20,1
227,PO-2024-046,WC-WIREBOND-01,20,1162.44,3099,2024-01-20,1
228,PO-2024-046,WC-MOLDING-01,30,1127.57,3099,2024-01-20,1
229,PO-2024-046,WC-MARKING-02,40,255.69,3099,2024-01-20,1
230,PO-2024-046,WC-TEST-01,50,548.62,3099,2024-01-21,1
231,PO-2024-047,WC-DIEBOND-02,10,667.97,2503,2024-01-19,1
232,PO-2024-047,WC-WIREBOND-01,20,1198.42,2503,2024-01-19,1
233,PO-2024-047,WC-MOLDING-02,30,764.97,2503,2024-01-19,1
234,PO-2024-047,WC-MARKING-01,40,214.68,2503,2024-01-19,1
235,PO-2024-047,WC-TEST-02,50,378.72,2503,2024-01-20,1
236,PO-2024-048,WC-DIEBOND-01,10,185.39,712,2024-02-15,1
237,PO-2024-048,WC-WIREBOND-01,20,293.22,712,2024-02-15,1
238,PO-2024-048,WC-MOLDING-01,30,238.48,712,2024-02-15,1
239,PO-2024-048,WC-MARKING-02,40,60.64,712,2024-02-15,1
240,PO-2024-048,WC-TEST-01,50,115.44,712,2024-02-16,1
241,PO-2024-049,WC-DIEBOND-01,10,567.26,2094,2024-03-12,1
242,PO-2024-049,WC-WIREBOND-01,20,446.9,2094,2024-03-12,1
243,PO-2024-049,WC-MOLDING-01,30,736.32,2094,2024-03-12,1
244,PO-2024-049,WC-MARKING-01,40,180.74,2094,2024-03-12,1
245,PO-2024-049,WC-TEST-01,50,317.76,2094,2024-03-13,1
246,PO-2024-050,WC-DIEBOND-01,10,346.08,1349,2024-01-21,1
247,PO-2024-050,WC-WIREBOND-01,20,326.1,1349,2024-01-21,1
248,PO-2024-050,WC-MOLDING-02,30,434.35,1349,2024-01-21,1
249,PO-2024-050,WC-MARKING-01,40,113.72,1349,2024-01-21,1
250,PO-2024-050,WC-TEST-02,50,219.73,1349,2024-01-22,1
251,PO-2024-051,WC-DIEBOND-02,10,342.62,1442,2024-02-12,1
252,PO-2024-051,WC-WIREBOND-01,20,169.77,1442,2024-02-12,1
253,PO-2024-051,WC-MOLDING-02,30,525.31,1442,2024-02-12,1
254,PO-2024-051,WC-MARKING-01,40,122.63,1442,2024-02-12,1
255,PO-2024-051,WC-TEST-02,50,223.53,1442,2024-02-13,1
256,PO-2024-052,WC-DIEBOND-02,10,164.93,720,2024-02-04,1
257,PO-2024-052,WC-WIREBOND-02,20,116.49,720,2024-02-04,1
258,PO-2024-052,WC-MOLDING-02,30,260.0,720,2024-02-04,1
259,PO-2024-052,WC-MARKING-02,40,57.72,720,2024-02-04,1
260,PO-2024-052,WC-TEST-02,50,123.75,720,2024-02-05,1
261,PO-2024-053,WC-DIEBOND-02,10,250.11,969,2024-03-01,1
262,PO-2024-053,WC-WIREBOND-01,20,224.27,969,2024-03-01,1
263,PO-2024-053,WC-MOLDING-02,30,336.49,969,2024-03-01,1
264,PO-2024-053,WC-MARKING-02,40,74.04,969,2024-03-01,1
265,PO-2024-053,WC-TEST-02,50,163.4,969,2024-03-02,1
266,PO-2024-054,WC-DIEBOND-02,10,174.88,680,2024-02-09,1
267,PO-2024-054,WC-WIREBOND-01,20,102.88,680,2024-02-09,1
268,PO-2024-054,WC-MOLDING-02,30,209.79,680,2024-02-09,1
269,PO-2024-054,WC-MARKING-01,40,58.97,680,2024-02-09,1
270,PO-2024-054,WC-TEST-01,50,123.47,680,2024-02-10,1
271,PO-2024-055,WC-DIEBOND-01,10,299.05,1088,2024-02-12,1
272,PO-2024-055,WC-WIREBOND-01,20,441.66,1088,2024-02-12,1
273,PO-2024-055,WC-MOLDING-01,30,333.18,1088,2024-02-12,1
274,PO-2024-055,WC-MARKING-02,40,93.76,1088,2024-02-12,1
275,PO-2024-055,WC-TEST-01,50,181.64,1088,2024-02-13,1
276,PO-2024-056,WC-DIEBOND-02,10,391.28,1732,2024-02-14,1
277,PO-2024-056,WC-WIREBOND-01,20,183.24,1732,2024-02-14,1
278,PO-2024-056,WC-MOLDING-02,30,629.43,1732,2024-02-14,1
279,PO-2024-056,WC-MARKING-01,40,139.76,1732,2024-02-14,1
280,PO-2024-056,WC-TEST-02,50,304.03,1732,2024-02-15,1
281,PO-2024-057,WC-DIEBOND-01,10,78.83,336,2024-02-12,1
282,PO-2024-057,WC-WIREBOND-01,20,80.7,336,2024-02-12,1
283,PO-2024-057,WC-MOLDING-01,30,104.27,336,2024-02-12,1
284,PO-2024-057,WC-MARKING-01,40,26.86,336,2024-02-12,1
285,PO-2024-057,WC-TEST-01,50,59.23,336,2024-02-13,1
286,PO-2024-058,WC-DIEBOND-01,10,358.05,1430,2024-03-15,1
287,PO-2024-058,WC-WIREBOND-01,20,91.29,1430,2024-03-15,1
288,PO-2024-058,WC-MOLDING-02,30,499.42,1430,2024-03-15,1
289,PO-2024-058,WC-MARKING-01,40,119.8,1430,2024-03-15,1
290,PO-2024-058,WC-TEST-01,50,246.05,1430,2024-03-16,1
291,PO-2024-059,WC-DIEBOND-01,10,380.11,1414,2024-02-10,1
292,PO-2024-059,WC-WIREBOND-01,20,91.67,1414,2024-02-10,1
293,PO-2024-059,WC-MOLDING-02,30,480.5,1414,2024-02-10,1
294,PO-2024-059,WC-MARKING-01,40,109.69,1414,2024-02-10,1
295,PO-2024-059,WC-TEST-01,50,220.62,1414,2024-02-11,1
296,PO-2024-060,WC-DIEBOND-02,10,253.15,975,2024-03-14,1
297,PO-2024-060,WC-WIREBOND-01,20,624.58,975,2024-03-14,1
298,PO-2024-060,WC-MOLDING-01,30,351.17,975,2024-03-14,1
299,PO-2024-060,WC-MARKING-01,40,84.84,975,2024-03-14,1
300,PO-2024-060,WC-TEST-02,50,147.67,975,2024-03-15,1
301,PO-2024-061,WC-DIEBOND-02,10,619.23,2546,2024-03-07,1
302,PO-2024-061,WC-WIREBOND-02,20,10050.96,2546,2024-03-07,1
303,PO-2024-061,WC-MOLDING-01,30,928.37,2546,2024-03-07,1
304,PO-2024-061,WC-MARKING-01,40,216.86,2546,2024-03-07,1
305,PO-2024-061,WC-TEST-01,50,445.75,2546,2024-03-08,1
306,PO-2024-062,WC-DIEBOND-02,10,260.49,986,2024-03-26,1
307,PO-2024-062,WC-WIREBOND-02,20,3530.36,986,2024-03-26,1
308,PO-2024-062,WC-MOLDING-01,30,311.52,986,2024-03-26,1
309,PO-2024-062,WC-MARKING-01,40,89.82,986,2024-03-26,1
310,PO-2024-062,WC-TEST-01,50,173.68,986,2024-03-27,1
311,PO-2024-063,WC-DIEBOND-02,10,463.93,1717,2024-02-12,1
312,PO-2024-063,WC-WIREBOND-02,20,252.53,1717,2024-02-12,1
313,PO-2024-063,WC-MOLDING-02,30,592.74,1717,2024-02-12,1
314,PO-2024-063,WC-MARKING-02,40,145.1,1717,2024-02-12,1
315,PO-2024-063,WC-TEST-02,50,282.77,1717,2024-02-13,1
316,PO-2024-064,WC-DIEBOND-01,10,452.12,1716,2024-02-08,1
317,PO-2024-064,WC-WIREBOND-01,20,395.5,1716,2024-02-08,1
318,PO-2024-064,WC-MOLDING-01,30,572.33,1716,2024-02-08,1
319,PO-2024-064,WC-MARKING-01,40,140.67,1716,2024-02-08,1
320,PO-2024-064,WC-TEST-01,50,266.67,1716,2024-02-09,1
321,PO-2024-065,WC-DIEBOND-02,10,354.36,1508,2024-03-30,1
322,PO-2024-065,WC-WIREBOND-01,20,626.09,1508,2024-03-30,1
323,PO-2024-065,WC-MOLDING-01,30,540.17,1508,2024-03-30,1
324,PO-2024-065,WC-MARKING-01,40,114.41,1508,2024-03-30,1
325,PO-2024-065,WC-TEST-01,50,250.36,1508,2024-03-31,1
326,PO-2024-066,WC-DIEBOND-01,10,172.44,708,2024-02-18,1
327,PO-2024-066,WC-WIREBOND-01,20,96.19,708,2024-02-18,1
328,PO-2024-066,WC-MOLDING-02,30,245.98,708,2024-02-18,1
329,PO-2024-066,WC-MARKING-02,40,59.19,708,2024-02-18,1
330,PO-2024-066,WC-TEST-02,50,109.14,708,2024-02-19,1
331,PO-2024-067,WC-DIEBOND-01,10,437.3,1908,2024-01-01,1
332,PO-2024-067,WC-WIREBOND-01,20,112.63,1908,2024-01-01,1
333,PO-2024-067,WC-MOLDING-02,30,629.55,1908,2024-01-01,1
334,PO-2024-067,WC-MARKING-01,40,159.42,1908,2024-01-01,1
335,PO-2024-067,WC-TEST-01,50,339.05,1908,2024-01-02,1
336,PO-2024-068,WC-DIEBOND-02,10,343.0,1494,2024-03-18,1
337,PO-2024-068,WC-WIREBOND-02,20,6113.66,1494,2024-03-18,1
338,PO-2024-068,WC-MOLDING-01,30,529.54,1494,2024-03-18,1
339,PO-2024-068,WC-MARKING-01,40,134.08,1494,2024-03-18,1
340,PO-2024-068,WC-TEST-01,50,270.44,1494,2024-03-19,1
341,PO-2024-069,WC-DIEBOND-02,10,505.74,2058,2024-03-06,1
342,PO-2024-069,WC-WIREBOND-02,20,7621.5,2058,2024-03-06,1
343,PO-2024-069,WC-MOLDING-01,30,668.71,2058,2024-03-06,1
344,PO-2024-069,WC-MARKING-01,40,167.6,2058,2024-03-06,1
345,PO-2024-069,WC-TEST-01,50,314.3,2058,2024-03-07,1
346,PO-2024-070,WC-DIEBOND-02,10,150.0,635,2024-01-22,1
347,PO-2024-070,WC-WIREBOND-01,20,382.48,635,2024-01-22,1
348,PO-2024-070,WC-MOLDING-01,30,194.69,635,2024-01-22,1
349,PO-2024-070,WC-MARKING-01,40,55.19,635,2024-01-22,1
350,PO-2024-070,WC-TEST-02,50,102.35,635,2024-01-23,1
351,PO-2024-071,WC-DIEBOND-02,10,83.86,361,2024-02-12,1
352,PO-2024-071,WC-WIREBOND-02,20,51.33,361,2024-02-12,1
353,PO-2024-071,WC-MOLDING-02,30,130.38,361,2024-02-12,1
354,PO-2024-071,WC-MARKING-02,40,29.92,361,2024-02-12,1
355,PO-2024-071,WC-TEST-02,50,64.15,361,2024-02-13,1
356,PO-2024-072,WC-DIEBOND-02,10,189.58,721,2024-02-09,1
357,PO-2024-072,WC-WIREBOND-01,20,447.84,721,2024-02-09,1
358,PO-2024-072,WC-MOLDING-01,30,245.88,721,2024-02-09,1
359,PO-2024-072,WC-MARKING-01,40,64.96,721,2024-02-09,1
360,PO-2024-072,WC-TEST-02,50,108.61,721,2024-02-10,1
361,PO-2024-073,WC-DIEBOND-02,10,333.63,1415,2024-02-01,1
362,PO-2024-073,WC-WIREBOND-02,20,206.14,1415,2024-02-01,1
363,PO-2024-073,WC-MOLDING-02,30,513.19,1415,2024-02-01,1
364,PO-2024-073,WC-MARKING-02,40,120.48,1415,2024-02-01,1
365,PO-2024-073,WC-TEST-02,50,232.21,1415,2024-02-02,1
366,PO-2024-074,WC-DIEBOND-01,10,447.42,1696,2024-02-23,1
367,PO-2024-074,WC-WIREBOND-01,20,1807.88,1696,2024-02-23,1
368,PO-2024-074,WC-MOLDING-01,30,522.58,1696,2024-02-23,1
369,PO-2024-074,WC-MARKING-01,40,133.94,1696,2024-02-23,1
370,PO-2024-074,WC-TEST-01,50,290.52,1696,2024-02-24,1
371,PO-2024-075,WC-DIEBOND-01,10,172.89,675,2024-02-21,1
372,PO-2024-075,WC-WIREBOND-01,20,153.99,675,2024-02-21,1
373,PO-2024-075,WC-MOLDING-02,30,240.15,675,2024-02-21,1
374,PO-2024-075,WC-MARKING-01,40,56.25,675,2024-02-21,1
375,PO-2024-075,WC-TEST-02,50,113.31,675,2024-02-22,1
376,PO-2024-076,WC-DIEBOND-01,10,173.72,677,2024-02-24,1
377,PO-2024-076,WC-WIREBOND-01,20,235.93,677,2024-02-24,1
378,PO-2024-076,WC-MOLDING-01,30,235.53,677,2024-02-24,1
379,PO-2024-076,WC-MARKING-01,40,54.06,677,2024-02-24,1
380,PO-2024-076,WC-TEST-02,50,101.59,677,2024-02-25,1
381,PO-2024-077,WC-DIEBOND-01,10,85.41,352,2024-02-29,1
382,PO-2024-077,WC-WIREBOND-01,20,44.62,352,2024-02-29,1
383,PO-2024-077,WC-MOLDING-02,30,110.0,352,2024-02-29,1
384,PO-2024-077,WC-MARKING-02,40,30.32,352,2024-02-29,1
385,PO-2024-077,WC-TEST-02,50,58.94,352,2024-03-01,1
386,PO-2024-078,WC-DIEBOND-02,10,175.22,721,2024-02-28,1
387,PO-2024-078,WC-WIREBOND-02,20,123.2,721,2024-02-28,1
388,PO-2024-078,WC-MOLDING-02,30,242.45,721,2024-02-28,1
389,PO-2024-078,WC-MARKING-02,40,63.53,721,2024-02-28,1
390,PO-2024-078,WC-TEST-02,50,120.35,721,2024-02-29,1
391,PO-2024-079,WC-DIEBOND-02,10,354.17,1567,2024-03-17,1
392,PO-2024-079,WC-WIREBOND-01,20,684.83,1567,2024-03-17,1
393,PO-2024-079,WC-MOLDING-01,30,474.65,1567,2024-03-17,1
394,PO-2024-079,WC-MARKING-01,40,127.63,1567,2024-03-17,1
395,PO-2024-079,WC-TEST-01,50,254.55,1567,2024-03-18,1
396,PO-2024-080,WC-DIEBOND-01,10,542.05,2066,2024-03-05,1
397,PO-2024-080,WC-WIREBOND-02,20,689.05,2066,2024-03-05,1
398,PO-2024-080,WC-MOLDING-02,30,629.11,2066,2024-03-05,1
399,PO-2024-080,WC-MARKING-02,40,163.25,2066,2024-03-05,1
400,PO-2024-080,WC-TEST-01,50,355.15,2066,2024-03-06,1
401,PO-2024-081,WC-DIEBOND-02,10,449.09,1951,2024-03-01,1
402,PO-2024-081,WC-WIREBOND-02,20,7498.89,1951,2024-03-01,1
403,PO-2024-081,WC-MOLDING-01,30,683.72,1951,2024-03-01,1
404,PO-2024-081,WC-MARKING-01,40,150.66,1951,2024-03-01,1
405,PO-2024-081,WC-TEST-01,50,315.56,1951,2024-03-02,1
406,PO-2024-082,WC-DIEBOND-02,10,422.65,1747,2024-02-05,1
407,PO-2024-082,WC-WIREBOND-01,20,449.22,1747,2024-02-05,1
408,PO-2024-082,WC-MOLDING-02,30,620.81,1747,2024-02-05,1
409,PO-2024-082,WC-MARKING-02,40,150.96,1747,2024-02-05,1
410,PO-2024-082,WC-TEST-02,50,319.17,1747,2024-02-06,1
411,PO-2024-083,WC-DIEBOND-01,10,472.46,1898,2024-01-10,1
412,PO-2024-083,WC-WIREBOND-01,20,666.52,1898,2024-01-10,1
413,PO-2024-083,WC-MOLDING-01,30,586.46,1898,2024-01-10,1
414,PO-2024-083,WC-MARKING-02,40,165.0,1898,2024-01-10,1
415,PO-2024-083,WC-TEST-01,50,344.4,1898,2024-01-11,1
416,PO-2024-084,WC-DIEBOND-01,10,284.47,1254,2024-01-11,1
417,PO-2024-084,WC-WIREBOND-01,20,442.18,1254,2024-01-11,1
418,PO-2024-084,WC-MOLDING-01,30,442.34,1254,2024-01-11,1
419,PO-2024-084,WC-MARKING-02,40,112.56,1254,2024-01-11,1
420,PO-2024-084,WC-TEST-01,50,201.29,1254,2024-01-12,1
421,PO-2024-085,WC-DIEBOND-01,10,154.88,644,2024-01-28,1
422,PO-2024-085,WC-WIREBOND-01,20,39.96,644,2024-01-28,1
423,PO-2024-085,WC-MOLDING-02,30,228.21,644,2024-01-28,1
424,PO-2024-085,WC-MARKING-01,40,53.38,644,2024-01-28,1
425,PO-2024-085,WC-TEST-01,50,97.39,644,2024-01-29,1
426,PO-2024-086,WC-DIEBOND-01,10,87.24,339,2024-02-23,1
427,PO-2024-086,WC-WIREBOND-01,20,20.55,339,2024-02-23,1
428,PO-2024-086,WC-MOLDING-02,30,121.18,339,2024-02-23,1
429,PO-2024-086,WC-MARKING-01,40,25.7,339,2024-02-23,1
430,PO-2024-086,WC-TEST-01,50,58.26,339,2024-02-24,1
431,PO-2024-087,WC-DIEBOND-02,10,123.39,517,2024-03-30,1
432,PO-2024-087,WC-WIREBOND-01,20,1387.23,517,2024-03-30,1
433,PO-2024-087,WC-MOLDING-02,30,170.16,517,2024-03-30,1
434,PO-2024-087,WC-MARKING-02,40,42.22,517,2024-03-30,1
435,PO-2024-087,WC-TEST-02,50,85.13,517,2024-03-31,1
436,PO-2024-088,WC-DIEBOND-02,10,142.41,522,2024-03-02,1
437,PO-2024-088,WC-WIREBOND-02,20,1010.39,522,2024-03-02,1
438,PO-2024-088,WC-MOLDING-01,30,163.1,522,2024-03-02,1
439,PO-2024-088,WC-MARKING-01,40,45.17,522,2024-03-02,1
440,PO-2024-088,WC-TEST-01,50,84.69,522,2024-03-03,1
441,PO-2024-089,WC-DIEBOND-02,10,474.9,1793,2024-02-23,1
442,PO-2024-089,WC-WIREBOND-01,20,267.8,1793,2024-02-23,1
443,PO-2024-089,WC-MOLDING-02,30,547.77,1793,2024-02-23,1
444,PO-2024-089,WC-MARKING-01,40,147.16,1793,2024-02-23,1
445,PO-2024-089,WC-TEST-01,50,294.69,1793,2024-02-24,1
446,PO-2024-090,WC-DIEBOND-02,10,694.31,2527,2024-01-29,1
447,PO-2024-090,WC-WIREBOND-01,20,961.97,2527,2024-01-29,1
448,PO-2024-090,WC-MOLDING-01,30,807.59,2527,2024-01-29,1
449,PO-2024-090,WC-MARKING-01,40,193.85,2527,2024-01-29,1
450,PO-2024-090,WC-TEST-01,50,406.67,2527,2024-01-30,1
451,PO-2024-091,WC-DIEBOND-02,10,255.85,1067,2024-02-19,1
452,PO-2024-091,WC-WIREBOND-02,20,527.73,1067,2024-02-19,1
453,PO-2024-091,WC-MOLDING-02,30,371.15,1067,2024-02-19,1
454,PO-2024-091,WC-MARKING-02,40,82.99,1067,2024-02-19,1
455,PO-2024-091,WC-TEST-01,50,175.84,1067,2024-02-20,1
456,PO-2024-092,WC-DIEBOND-01,10,670.09,2709,2024-01-22,1
457,PO-2024-092,WC-WIREBOND-01,20,1061.96,2709,2024-01-22,1
458,PO-2024-092,WC-MOLDING-01,30,977.34,2709,2024-01-22,1
459,PO-2024-092,WC-MARKING-02,40,230.94,2709,2024-01-22,1
460,PO-2024-092,WC-TEST-01,50,445.63,2709,2024-01-23,1
461,PO-2024-093,WC-DIEBOND-02,10,674.04,2623,2024-01-04,1
462,PO-2024-093,WC-WIREBOND-01,20,1734.94,2623,2024-01-04,1
463,PO-2024-093,WC-MOLDING-01,30,796.93,2623,2024-01-04,1
464,PO-2024-093,WC-MARKING-01,40,226.07,2623,2024-01-04,1
465,PO-2024-093,WC-TEST-02,50,428.97,2623,2024-01-05,1
466,PO-2024-094,WC-DIEBOND-01,10,483.01,1927,2024-03-23,1
467,PO-2024-094,WC-WIREBOND-01,20,128.14,1927,2024-03-23,1
468,PO-2024-094,WC-MOLDING-02,30,598.65,1927,2024-03-23,1
469,PO-2024-094,WC-MARKING-01,40,145.53,1927,2024-03-23,1
470,PO-2024-094,WC-TEST-01,50,343.56,1927,2024-03-24,1
471,PO-2024-095,WC-DIEBOND-02,10,355.99,1375,2024-02-03,1
472,PO-2024-095,WC-WIREBOND-02,20,5135.49,1375,2024-02-03,1
473,PO-2024-095,WC-MOLDING-01,30,424.07,1375,2024-02-03,1
474,PO-2024-095,WC-MARKING-01,40,108.53,1375,2024-02-03,1
475,PO-2024-095,WC-TEST-01,50,235.82,1375,2024-02-04,1
476,PO-2024-096,WC-DIEBOND-02,10,261.58,1076,2024-02-18,1
477,PO-2024-096,WC-WIREBOND-01,20,129.0,1076,2024-02-18,1
478,PO-2024-096,WC-MOLDING-02,30,325.12,1076,2024-02-18,1
479,PO-2024-096,WC-MARKING-01,40,83.45,1076,2024-02-18,1
480,PO-2024-096,WC-TEST-02,50,177.54,1076,2024-02-19,1
481,PO-2024-097,WC-DIEBOND-02,10,602.78,2475,2024-01-11,1
482,PO-2024-097,WC-WIREBOND-02,20,9254.68,2475,2024-01-11,1
483,PO-2024-097,WC-MOLDING-01,30,755.19,2475,2024-01-11,1
484,PO-2024-097,WC-MARKING-01,40,191.3,2475,2024-01-11,1
485,PO-2024-097,WC-TEST-01,50,401.52,2475,2024-01-12,1
486,PO-2024-098,WC-DIEBOND-01,10,160.8,668,2024-01-29,1
487,PO-2024-098,WC-WIREBOND-02,20,219.2,668,2024-01-29,1
488,PO-2024-098,WC-MOLDING-02,30,243.18,668,2024-01-29,1
489,PO-2024-098,WC-MARKING-02,40,50.39,668,2024-01-29,1
490,PO-2024-098,WC-TEST-01,50,104.34,668,2024-01-30,1
491,PO-2024-099,WC-DIEBOND-02,10,181.39,723,2024-02-01,1
492,PO-2024-099,WC-WIREBOND-01,20,341.82,723,2024-02-01,1
493,PO-2024-099,WC-MOLDING-02,30,222.58,723,2024-02-01,1
494,PO-2024-099,WC-MARKING-01,40,63.56,723,2024-02-01,1
495,PO-2024-099,WC-TEST-02,50,125.42,723,2024-02-02,1
496,PO-2024-100,WC-DIEBOND-01,10,623.27,2644,2024-01-17,1
497,PO-2024-100,WC-WIREBOND-02,20,2112.97,2644,2024-01-17,1
498,PO-2024-100,WC-MOLDING-01,30,915.53,2644,2024-01-17,1
499,PO-2024-100,WC-MARKING-01,40,242.31,2644,2024-01-17,1
500,PO-2024-100,WC-TEST-01,50,414.24,2644,2024-01-18,1
